Age,Annual_Income,Spending_Score,Education_Level_enc,Membership_Type_enc,Gender_Male,City_Chennai,City_Delhi,City_Hyderabad,City_Mumbai,City_Pune,Payment_Method_Credit Card,Payment_Method_Debit Card,Payment_Method_Net Banking,Payment_Method_UPI
45,1134550,16,1,4,True,True,False,False,False,False,False,False,True,False
22,782111,24,3,2,False,False,True,False,False,False,False,False,False,True
22,733903,61,3,1,True,False,True,False,False,False,True,False,False,False
38,706554,54,1,3,True,False,True,False,False,False,False,False,False,False
29,1116931,62,3,3,True,False,False,False,False,True,False,False,False,False
21,800724,1,1,2,False,False,False,True,False,False,False,True,False,False
59,1057549,49,2,2,True,False,False,False,False,True,False,False,False,False
37,759070,25,3,3,True,False,False,True,False,False,False,False,False,True
55,1327109,10,1,1,True,False,False,False,False,True,False,False,True,False
42,440011,80,3,3,False,False,False,False,False,True,False,False,True,False
31,1437903,16,3,4,True,True,False,False,False,False,False,False,True,False
28,272684,58,2,4,True,False,False,False,False,False,True,False,False,False
49,1465197,72,1,2,True,False,False,False,False,True,False,False,False,False
28,1483871,29,1,1,True,True,False,False,False,False,False,False,False,True
35,975723,92,2,1,False,False,False,False,True,False,True,False,False,False
44,1147509,6,4,4,True,False,False,False,False,False,False,True,False,False
35,1154138,16,2,3,False,False,False,False,False,True,False,False,False,True
40,937651,20,1,2,False,False,True,False,False,False,False,False,False,True
28,911423,80,2,3,False,False,False,False,True,False,False,False,False,True
38,353466,71,2,3,True,False,False,False,True,False,False,False,True,False
61,434318,78,3,3,False,True,False,False,False,False,False,False,False,True
22,572778,43,1,1,True,False,False,False,True,False,False,False,False,False
40,331936,26,3,4,False,False,False,False,False,False,False,False,False,True
58,1157726,90,2,1,False,False,False,False,False,True,False,False,True,False
42,847952,78,4,4,False,False,False,False,False,True,False,False,False,True
58,876315,71,2,2,False,False,True,False,False,False,False,True,False,False
27,572818,33,2,2,False,True,False,False,False,False,False,True,False,False
39,1352109,26,4,3,False,False,True,False,False,False,False,False,True,False
36,1068277,45,1,4,False,False,False,False,True,False,False,False,False,False
18,1496573,84,4,4,False,False,True,False,False,False,False,False,False,False
24,1318166,63,2,4,True,False,False,False,False,False,True,False,False,False
21,528615,67,1,3,True,False,False,False,False,True,False,False,True,False
18,681530,52,2,3,False,False,False,False,True,False,False,False,False,True
32,1493512,68,3,2,False,False,True,False,False,False,False,False,True,False
57,609925,26,1,1,False,True,False,False,False,False,True,False,False,False
29,1258302,75,2,4,True,False,False,False,False,False,False,False,True,False
39,391896,2,2,4,False,False,False,False,False,False,False,False,True,False
39,1289118,14,2,1,True,False,True,False,False,False,True,False,False,False
64,613461,30,1,4,True,False,False,False,False,True,False,False,False,False
34,1283329,49,3,3,True,False,True,False,False,False,False,False,False,True
46,1066220,12,4,3,True,False,False,False,True,False,True,False,False,False
63,483460,90,4,4,True,False,True,False,False,False,False,True,False,False
31,433979,44,3,3,False,False,False,False,False,False,False,False,False,False
37,808986,33,1,3,False,False,True,False,False,False,False,True,False,False
50,478104,13,3,4,False,False,False,False,False,True,False,False,False,False
60,1279367,78,1,2,False,True,False,False,False,False,False,False,False,True
32,1225270,88,1,1,False,False,False,True,False,False,False,False,False,True
29,487360,98,2,3,True,False,True,False,False,False,False,False,True,False
57,797578,26,2,2,False,False,False,False,False,True,False,True,False,False
37,771302,21,3,3,False,False,False,False,False,True,False,False,False,False
47,335150,28,2,3,True,True,False,False,False,False,False,False,False,True
55,1195893,48,2,1,False,False,False,False,False,False,True,False,False,False
20,1299095,100,1,3,True,False,False,False,False,True,False,False,False,True
45,773340,40,4,1,False,False,False,False,False,True,True,False,False,False
43,1262965,66,2,1,True,False,False,False,False,True,False,False,False,False
47,558105,73,2,1,False,False,False,False,False,True,False,False,False,True
30,1080147,87,1,2,False,False,False,False,True,False,False,False,False,True
30,1037165,79,3,4,True,False,False,False,True,False,False,False,False,False
19,1072318,77,2,2,True,False,False,False,False,False,False,False,False,True
54,1406329,23,1,4,True,False,True,False,False,False,True,False,False,False
55,543150,81,1,4,True,False,False,False,False,True,False,False,False,True
19,1343489,48,2,1,True,True,False,False,False,False,False,True,False,False
53,818396,2,2,3,True,False,True,False,False,False,False,False,True,False
43,979091,84,1,1,True,True,False,False,False,False,True,False,False,False
28,469637,20,4,3,True,False,True,False,False,False,False,True,False,False
25,269639,59,1,4,False,False,False,False,False,False,False,False,False,False
61,1480028,46,2,1,False,False,False,False,False,True,True,False,False,False
57,509378,3,4,3,True,False,False,False,False,True,False,False,True,False
60,1164795,55,2,2,False,False,False,True,False,False,False,False,True,False
39,686084,12,2,3,False,True,False,False,False,False,False,False,False,False
37,469515,40,2,1,False,False,True,False,False,False,False,False,False,False
25,432520,66,1,2,False,False,True,False,False,False,True,False,False,False
46,1492035,100,4,3,True,False,False,False,True,False,False,False,False,True
57,871986,78,2,3,False,False,False,True,False,False,False,False,False,False
43,437330,16,3,3,True,False,False,False,True,False,False,False,False,True
47,1354149,83,1,3,False,False,False,False,True,False,False,True,False,False
34,1124634,34,1,3,False,False,False,False,True,False,False,False,True,False
37,337900,44,1,2,False,True,False,False,False,False,False,False,False,True
33,519658,6,2,4,True,True,False,False,False,False,False,False,True,False
63,700364,77,2,2,False,False,False,False,False,False,False,False,False,True
60,1484283,64,3,2,True,False,False,False,False,False,False,True,False,False
24,898419,100,2,2,False,False,False,False,True,False,False,False,False,False
33,723116,22,4,4,True,False,False,True,False,False,False,True,False,False
62,713066,18,1,1,False,False,True,False,False,False,False,False,False,False
64,464179,12,3,4,True,True,False,False,False,False,False,False,False,False
44,1358343,52,3,2,True,False,False,True,False,False,False,False,True,False
40,633961,94,3,3,False,False,False,False,False,True,False,True,False,False
41,741529,51,3,3,True,True,False,False,False,False,False,False,False,True
26,777263,71,3,2,False,True,False,False,False,False,False,True,False,False
52,354226,96,2,3,False,False,False,False,False,False,False,False,True,False
37,1162454,48,1,2,False,False,True,False,False,False,False,False,False,False
54,691818,19,1,3,False,False,True,False,False,False,False,False,True,False
59,256396,6,4,4,False,False,False,False,False,True,True,False,False,False
34,318920,84,2,1,False,False,False,False,False,True,True,False,False,False
64,606547,27,3,1,False,True,False,False,False,False,False,False,False,True
48,394999,53,2,4,False,False,False,False,True,False,False,False,True,False
25,263014,48,1,4,False,False,False,False,False,False,False,False,False,True
32,794699,7,1,2,False,False,False,False,False,False,False,False,False,True
48,385550,59,2,2,False,True,False,False,False,False,True,False,False,False
47,1435382,69,2,2,True,False,False,True,False,False,False,False,False,True
63,1233994,11,1,3,True,False,False,False,True,False,True,False,False,False
37,538585,15,2,2,False,True,False,False,False,False,False,False,False,False
56,1294697,64,1,4,False,False,False,False,True,False,False,False,True,False
29,1244890,3,2,1,False,False,False,False,True,False,False,False,False,True
34,522341,69,1,3,False,False,False,False,True,False,True,False,False,False
59,1333153,23,3,2,False,True,False,False,False,False,False,True,False,False
47,556778,53,2,3,False,False,False,False,False,False,False,False,False,True
46,1497682,37,2,3,False,False,False,False,False,False,False,False,False,False
36,1235141,9,1,2,False,False,False,False,True,False,False,False,False,False
63,860197,15,1,3,True,False,False,True,False,False,False,True,False,False
28,705200,3,2,1,False,False,True,False,False,False,True,False,False,False
51,676379,93,2,4,True,True,False,False,False,False,False,False,False,True
24,725754,70,2,4,False,False,True,False,False,False,True,False,False,False
61,1236149,17,1,1,False,False,False,True,False,False,False,False,False,False
51,546030,26,2,3,True,True,False,False,False,False,True,False,False,False
37,528055,21,3,2,False,False,False,False,True,False,False,False,False,False
55,288422,72,3,3,True,False,False,False,False,False,True,False,False,False
41,1215691,21,1,1,False,False,True,False,False,False,False,True,False,False
27,535513,11,2,3,False,False,False,False,False,True,False,False,True,False
49,1158378,38,1,4,True,False,False,False,False,True,False,True,False,False
32,932722,72,1,3,False,False,False,True,False,False,False,True,False,False
54,1086388,88,4,1,True,False,False,False,True,False,False,False,True,False
37,1400847,35,1,4,False,False,True,False,False,False,False,False,True,False
20,1234104,14,2,3,True,False,False,False,True,False,False,False,False,True
54,553548,14,2,3,True,False,True,False,False,False,False,False,False,True
57,1044156,10,3,4,False,False,False,True,False,False,False,True,False,False
25,1416053,12,2,2,False,False,False,True,False,False,False,True,False,False
57,1477880,38,1,4,True,False,False,False,False,True,False,False,False,False
61,1226163,34,2,2,False,False,False,False,True,False,False,False,False,False
40,1015363,41,2,1,False,True,False,False,False,False,False,False,False,True
57,552621,10,1,1,False,False,False,False,False,True,False,False,False,True
28,672697,17,2,4,True,False,False,False,True,False,False,False,False,False
63,931658,17,1,4,True,False,False,False,False,True,False,False,False,False
25,885493,67,1,1,True,True,False,False,False,False,True,False,False,False
46,967976,62,2,2,True,False,False,False,False,False,True,False,False,False
47,678705,95,1,1,True,False,False,False,False,False,False,False,False,False
27,502619,1,2,4,True,False,False,False,False,False,True,False,False,False
56,806954,12,2,1,True,False,False,False,False,False,False,False,True,False
45,558766,4,3,4,True,False,True,False,False,False,False,False,False,True
53,307573,42,1,4,True,False,False,False,False,False,False,False,False,True
30,469152,13,1,1,False,True,False,False,False,False,False,False,False,False
49,510435,98,1,2,True,False,False,True,False,False,False,True,False,False
53,358477,85,2,3,False,False,False,True,False,False,False,False,False,False
54,1496717,86,3,1,False,False,True,False,False,False,True,False,False,False
43,498530,4,1,3,False,False,False,False,False,False,False,True,False,False
39,1400475,82,4,1,True,False,False,False,False,False,True,False,False,False
21,1019472,69,1,3,True,False,False,False,False,False,False,False,True,False
48,540687,19,2,2,True,False,False,False,False,True,True,False,False,False
35,1215197,2,3,2,True,False,False,False,True,False,False,False,True,False
55,759603,12,3,1,False,False,False,False,False,True,False,False,True,False
41,614380,81,3,4,True,False,False,False,True,False,True,False,False,False
40,1380594,74,3,3,True,False,False,False,False,False,True,False,False,False
39,1001125,98,2,4,True,False,False,False,False,False,False,False,True,False
19,489385,6,3,4,True,False,False,False,False,True,False,True,False,False
48,1101626,8,1,4,True,False,False,False,False,True,False,False,True,False
28,295790,51,3,2,False,False,False,False,True,False,False,False,False,True
45,1133044,11,2,1,True,False,False,True,False,False,False,False,True,False
63,796543,63,3,1,False,False,False,False,True,False,False,True,False,False
49,1420851,57,2,2,True,False,False,False,False,True,False,False,False,True
22,1259926,12,2,2,False,True,False,False,False,False,False,False,False,False
55,518953,73,2,1,True,False,False,False,False,True,False,False,False,False
27,301894,2,3,4,True,True,False,False,False,False,False,True,False,False
57,636048,8,1,3,False,False,True,False,False,False,False,False,True,False
63,479720,11,1,3,False,False,False,False,False,True,True,False,False,False
41,1331960,53,1,3,False,False,True,False,False,False,False,True,False,False
52,1248966,100,1,4,True,False,False,True,False,False,False,False,False,True
61,1031868,10,3,1,False,False,False,False,True,False,False,False,False,True
40,606245,85,1,2,True,True,False,False,False,False,False,False,False,False
34,222490,84,4,1,True,False,False,False,True,False,False,False,False,True
18,1032307,8,2,4,False,False,True,False,False,False,False,True,False,False
48,805108,36,1,2,False,True,False,False,False,False,False,False,False,True
48,471265,93,3,4,True,False,False,False,True,False,False,True,False,False
59,201539,76,2,3,True,False,False,False,False,True,True,False,False,False
59,512579,14,2,3,False,False,False,False,False,False,False,False,False,False
51,715584,54,2,4,False,False,True,False,False,False,False,False,False,True
26,263965,85,3,2,False,False,False,False,True,False,False,True,False,False
39,1346375,86,1,2,True,False,True,False,False,False,False,False,True,False
30,1342524,21,4,1,True,False,True,False,False,False,False,False,False,False
42,1391890,50,4,3,True,True,False,False,False,False,True,False,False,False
35,448099,94,2,1,True,True,False,False,False,False,False,True,False,False
29,1230065,39,1,1,True,False,False,False,False,False,True,False,False,False
57,995379,20,2,4,True,False,False,False,False,True,True,False,False,False
34,967610,88,1,4,False,False,True,False,False,False,False,False,False,True
32,926826,87,1,1,True,False,False,False,True,False,False,False,False,True
59,1106395,7,1,3,True,False,False,True,False,False,False,True,False,False
32,1260194,9,2,4,True,False,True,False,False,False,False,False,True,False
32,536430,1,3,1,False,False,True,False,False,False,False,True,False,False
56,862714,26,3,1,True,False,False,False,False,False,False,False,True,False
30,810724,38,3,1,True,False,False,False,False,True,True,False,False,False
34,410448,38,2,1,False,False,False,True,False,False,False,False,False,False
49,1170278,61,2,1,True,True,False,False,False,False,False,True,False,False
26,695919,44,2,1,True,True,False,False,False,False,False,True,False,False
57,1384685,86,4,4,True,False,False,False,True,False,False,False,True,False
37,1277209,44,1,3,True,False,False,True,False,False,True,False,False,False
43,1010927,74,3,1,True,True,False,False,False,False,True,False,False,False
44,1050982,62,2,2,False,False,False,False,True,False,False,False,True,False
38,412456,6,2,4,False,False,False,False,False,True,True,False,False,False
35,575325,17,3,4,False,False,False,False,True,False,False,False,False,True
30,666589,51,2,1,True,True,False,False,False,False,False,False,False,False
33,496213,38,3,4,True,False,False,False,False,False,False,True,False,False
26,1387018,24,4,1,True,False,False,False,False,False,False,False,False,False
29,1103275,51,2,3,False,False,False,False,False,False,False,True,False,False
61,1320523,10,1,3,True,True,False,False,False,False,False,False,False,True
55,370205,72,2,4,True,False,False,False,False,False,True,False,False,False
36,1344337,21,4,4,False,False,False,True,False,False,False,False,True,False
24,1118196,70,1,2,True,False,False,False,False,True,False,False,False,True
52,1353276,85,2,4,False,False,False,False,True,False,False,False,False,False
35,773881,57,2,2,False,False,False,False,True,False,False,False,True,False
33,1218454,39,3,3,False,True,False,False,False,False,True,False,False,False
56,205209,88,1,3,True,False,False,False,False,False,False,False,False,True
21,599749,33,3,1,True,False,False,False,False,False,False,False,True,False
42,1258503,59,4,3,True,False,True,False,False,False,False,False,False,True
49,841621,18,1,2,True,False,False,False,False,True,False,False,False,True
57,1404242,56,1,4,True,False,False,True,False,False,True,False,False,False
30,930212,92,4,1,True,False,False,False,True,False,False,True,False,False
62,1457361,57,1,2,True,False,True,False,False,False,False,False,True,False
34,538526,96,3,4,False,False,True,False,False,False,True,False,False,False
54,339005,76,2,1,True,True,False,False,False,False,False,False,False,True
23,1229661,48,1,3,False,False,False,False,True,False,True,False,False,False
36,396521,42,3,2,True,True,False,False,False,False,False,True,False,False
30,1123593,27,2,4,True,False,False,True,False,False,False,False,True,False
43,649764,74,2,1,True,False,True,False,False,False,False,True,False,False
31,1405771,52,2,1,False,False,True,False,False,False,False,False,False,False
48,1298589,42,2,3,False,False,False,False,False,True,False,False,True,False
21,601562,32,1,4,False,False,False,True,False,False,False,True,False,False
56,416486,26,2,3,False,False,True,False,False,False,False,False,False,True
25,626888,25,4,3,True,False,False,True,False,False,False,False,True,False
42,1035988,75,1,4,False,False,False,False,True,False,False,False,True,False
30,1110155,23,2,4,True,False,False,False,False,False,True,False,False,False
49,750428,98,2,4,True,False,True,False,False,False,False,False,False,True
55,463328,57,3,2,False,False,False,False,False,True,False,False,False,False
55,311361,52,1,4,False,False,False,False,True,False,False,True,False,False
45,992038,87,4,1,False,False,False,True,False,False,True,False,False,False
47,597172,93,2,3,False,True,False,False,False,False,False,True,False,False
20,1265131,31,1,2,False,False,False,False,True,False,False,False,False,False
45,814673,64,1,4,False,False,True,False,False,False,False,False,False,False
20,455658,71,1,2,False,False,False,True,False,False,False,False,True,False
62,954085,33,2,4,False,False,False,False,False,False,False,False,False,False
51,303844,85,2,2,True,False,False,False,True,False,False,True,False,False
33,1339897,2,3,3,False,False,True,False,False,False,False,False,False,True
39,1035488,18,2,3,False,False,False,False,False,True,False,False,False,True
49,298234,47,1,1,True,True,False,False,False,False,False,False,True,False
55,674718,33,2,1,False,False,False,True,False,False,False,True,False,False
25,951993,98,3,4,True,False,False,False,True,False,False,True,False,False
25,1198922,84,1,3,True,False,False,False,True,False,False,False,False,False
23,925571,35,1,2,False,False,False,False,False,False,False,True,False,False
31,1028282,51,1,2,True,False,False,False,False,False,True,False,False,False
49,671761,18,3,2,True,False,False,False,False,True,False,False,False,False
52,524464,88,2,1,True,True,False,False,False,False,True,False,False,False
27,754081,72,2,2,True,False,False,False,False,True,False,False,True,False
20,1221911,30,3,1,False,False,True,False,False,False,False,False,False,True
29,1268203,44,3,1,True,False,True,False,False,False,False,False,True,False
48,677317,53,2,4,False,False,False,False,False,True,False,False,False,True
46,1471209,10,3,2,True,True,False,False,False,False,False,False,True,False
22,1169752,87,1,2,True,False,False,False,False,True,False,True,False,False
42,517942,52,1,3,True,True,False,False,False,False,True,False,False,False
58,537462,49,1,4,True,True,False,False,False,False,False,False,False,True
48,550046,11,1,3,False,False,False,True,False,False,False,False,False,False
38,621773,66,2,4,False,True,False,False,False,False,True,False,False,False
37,533478,58,4,2,True,False,False,False,False,False,False,False,False,False
56,668379,90,1,1,True,True,False,False,False,False,True,False,False,False
39,568863,36,1,1,False,True,False,False,False,False,True,False,False,False
21,1371675,33,2,1,True,True,False,False,False,False,False,False,True,False
30,933362,47,4,1,True,False,True,False,False,False,False,False,False,True
62,897974,13,2,1,True,False,False,False,False,False,False,False,False,True
59,307449,40,2,3,False,False,False,False,False,False,True,False,False,False
37,1351404,89,1,4,False,False,False,False,False,True,False,True,False,False
30,1375189,68,1,2,False,False,False,True,False,False,False,True,False,False
34,272095,42,4,3,True,True,False,False,False,False,False,False,False,False
53,830212,19,4,4,True,False,False,False,True,False,False,False,False,False
50,820740,82,1,1,False,False,False,True,False,False,False,False,True,False
18,287593,94,4,4,False,False,False,True,False,False,True,False,False,False
32,891252,19,2,4,False,False,False,False,False,False,False,False,False,False
30,1102473,58,3,1,False,False,False,True,False,False,False,False,False,False
34,326202,23,2,1,True,True,False,False,False,False,True,False,False,False
41,277606,54,2,1,False,True,False,False,False,False,False,False,True,False
25,1372345,80,2,2,True,False,True,False,False,False,False,False,False,False
44,318542,65,2,1,False,True,False,False,False,False,False,False,True,False
62,775610,12,1,2,True,True,False,False,False,False,False,False,False,True
40,1406126,24,1,1,False,False,False,False,False,False,False,False,True,False
63,655433,34,2,2,False,True,False,False,False,False,False,True,False,False
25,824987,53,3,4,False,False,True,False,False,False,False,True,False,False
25,290140,8,1,3,False,False,False,False,True,False,False,False,True,False
43,1346204,18,2,4,True,False,False,False,False,False,False,True,False,False
64,1333634,57,4,4,False,False,False,False,True,False,False,False,False,True
30,681799,5,1,1,True,False,False,False,False,False,True,False,False,False
56,1400118,26,2,2,True,False,False,False,False,True,False,True,False,False
54,242674,30,2,3,True,False,False,True,False,False,False,True,False,False
45,327572,54,3,1,True,False,False,False,False,True,False,False,True,False
42,491975,13,1,1,False,True,False,False,False,False,False,False,False,True
33,781462,83,2,1,True,False,False,False,True,False,True,False,False,False
19,631436,29,3,4,True,True,False,False,False,False,False,False,True,False
35,645935,3,4,2,True,False,False,True,False,False,False,False,True,False
34,980296,90,2,2,False,False,False,False,False,False,False,False,False,True
47,1301627,58,2,3,False,False,False,True,False,False,True,False,False,False
56,1451661,76,2,2,False,False,True,False,False,False,False,False,False,True
30,1314100,2,3,2,False,False,False,True,False,False,True,False,False,False
49,468614,75,2,1,True,False,True,False,False,False,False,False,False,True
46,717733,28,1,1,True,False,False,True,False,False,False,False,True,False
63,515617,82,4,4,False,False,True,False,False,False,False,False,True,False
47,1137384,77,2,1,True,False,False,False,True,False,False,False,False,False
35,1293015,86,2,1,True,True,False,False,False,False,False,True,False,False
30,476452,76,1,1,True,True,False,False,False,False,False,False,False,True
60,291563,2,2,1,False,False,False,False,False,True,False,False,False,False
38,951616,7,2,4,False,True,False,False,False,False,False,True,False,False
47,930602,26,2,1,True,False,False,False,False,False,False,False,False,True
38,959495,90,1,3,False,False,False,True,False,False,True,False,False,False
34,1169655,88,2,3,False,False,False,False,False,True,False,True,False,False
57,367896,76,4,3,False,False,False,False,False,False,False,False,True,False
36,821912,16,1,3,False,False,False,False,False,False,False,False,False,False
32,619515,23,4,1,False,False,True,False,False,False,False,True,False,False
26,1217497,40,2,3,True,True,False,False,False,False,False,True,False,False
27,230063,60,3,1,False,False,False,False,True,False,False,False,True,False
61,1239272,73,3,4,True,False,False,False,True,False,False,False,False,True
48,454371,32,2,3,True,False,False,False,False,True,True,False,False,False
40,1185976,15,3,2,False,False,False,False,True,False,False,False,True,False
47,302166,13,3,3,True,False,False,True,False,False,True,False,False,False
50,1263082,5,2,3,True,False,False,False,True,False,False,False,False,True
26,1473989,75,2,1,True,False,False,False,False,True,False,True,False,False
64,1197358,74,2,3,False,False,False,False,True,False,True,False,False,False
18,1362180,52,3,2,False,False,False,True,False,False,False,False,False,False
61,1274602,77,3,1,True,False,True,False,False,False,False,False,False,False
52,620888,41,3,1,False,False,False,False,False,True,False,False,True,False
28,390285,53,2,4,False,False,True,False,False,False,False,False,False,True
51,1299547,50,3,4,False,False,True,False,False,False,False,False,True,False
33,620497,15,1,3,False,False,True,False,False,False,False,False,True,False
26,313978,7,2,4,True,False,False,False,False,False,False,False,True,False
49,1407739,40,1,4,True,True,False,False,False,False,False,False,False,False
32,303864,28,2,4,False,False,False,False,False,False,False,False,False,False
29,1231259,32,2,1,False,True,False,False,False,False,False,False,True,False
50,1136114,99,2,1,True,False,True,False,False,False,False,False,False,False
62,594295,15,2,1,True,False,False,False,False,True,False,False,False,True
31,819674,100,2,4,False,True,False,False,False,False,False,False,True,False
25,648648,85,2,1,True,False,False,True,False,False,False,False,False,False
25,805151,70,1,4,False,False,False,True,False,False,True,False,False,False
44,540435,65,2,1,False,False,False,False,True,False,False,False,True,False
29,325659,4,1,1,True,True,False,False,False,False,False,False,True,False
18,1255811,11,1,2,True,False,False,False,False,True,False,False,False,True
60,1311288,26,2,3,False,False,False,False,False,False,False,True,False,False
57,1401121,61,2,4,False,False,True,False,False,False,False,True,False,False
59,962178,37,2,2,True,False,False,False,True,False,False,False,False,True
28,325849,23,2,1,False,False,False,True,False,False,False,False,False,True
56,1224903,93,2,4,True,False,False,False,False,False,False,False,False,True
60,455493,85,3,1,False,False,False,False,False,False,False,True,False,False
48,804111,91,2,3,True,False,True,False,False,False,False,False,False,True
34,1352791,40,2,2,True,True,False,False,False,False,False,False,False,False
50,232230,77,1,3,True,False,False,True,False,False,False,False,True,False
49,546717,23,2,2,False,False,False,False,False,True,False,False,True,False
46,947948,16,2,1,False,False,False,False,False,False,True,False,False,False
38,662092,94,2,3,True,False,True,False,False,False,True,False,False,False
38,502788,61,2,3,False,False,False,False,False,True,False,False,True,False
57,1428312,68,2,1,True,True,False,False,False,False,False,False,False,False
40,1031635,80,2,3,True,False,False,True,False,False,False,True,False,False
23,847534,31,3,4,False,True,False,False,False,False,False,True,False,False
39,1333393,53,3,2,False,False,False,False,False,False,False,False,False,False
55,1487233,25,3,2,True,False,False,False,False,True,False,True,False,False
54,1465609,44,4,2,False,False,False,False,False,True,False,False,False,True
62,431414,12,1,4,False,False,False,False,False,True,False,False,True,False
25,456812,90,1,2,True,False,False,False,False,False,False,False,True,False
58,504958,97,1,1,True,False,False,False,False,False,False,False,False,False
52,370956,92,2,3,False,True,False,False,False,False,False,True,False,False
28,1055754,9,3,4,True,False,False,False,True,False,True,False,False,False
41,221650,12,1,2,True,True,False,False,False,False,True,False,False,False
38,1126694,69,4,1,False,False,False,True,False,False,False,True,False,False
19,1419097,54,1,3,True,False,True,False,False,False,True,False,False,False
57,1419309,54,4,3,True,False,False,False,False,True,False,False,False,False
36,1016141,28,2,4,False,False,False,False,True,False,False,False,False,False
56,442037,56,1,4,False,False,True,False,False,False,False,True,False,False
45,1329004,99,2,4,True,False,False,False,True,False,True,False,False,False
34,406251,69,1,1,True,True,False,False,False,False,False,False,False,False
23,734231,98,1,1,False,False,False,False,False,False,False,False,False,False
36,221042,98,2,4,False,False,False,False,False,True,False,False,False,True
55,1030326,77,3,2,False,True,False,False,False,False,False,False,False,True
45,1178582,58,2,3,False,False,True,False,False,False,False,False,False,False
19,518903,78,2,3,True,False,True,False,False,False,False,True,False,False
55,1094801,75,2,1,False,False,True,False,False,False,False,False,True,False
54,1014811,42,3,3,False,False,True,False,False,False,False,False,True,False
21,582811,38,1,2,True,False,True,False,False,False,False,False,False,False
39,701691,68,2,3,False,False,False,False,True,False,False,False,False,False
43,1208314,53,1,1,True,True,False,False,False,False,False,False,False,False
60,414304,33,1,1,False,False,False,False,False,True,False,True,False,False
53,596178,71,2,2,False,False,False,False,False,False,False,False,False,True
30,638963,56,1,2,False,False,False,False,False,False,False,False,False,False
49,1111612,72,2,3,True,True,False,False,False,False,False,False,False,False
34,514493,51,3,3,True,True,False,False,False,False,True,False,False,False
58,401904,74,1,1,False,False,False,False,False,False,False,True,False,False
53,911716,43,2,2,True,False,False,False,False,False,False,False,False,False
63,870105,15,1,2,True,False,False,False,True,False,True,False,False,False
36,205730,38,4,2,True,False,False,True,False,False,False,False,True,False
52,1450786,15,2,3,True,False,False,False,False,True,False,False,False,False
63,938471,5,3,2,True,False,True,False,False,False,False,False,False,False
57,1267599,93,2,1,True,False,False,True,False,False,True,False,False,False
45,545430,83,1,1,False,True,False,False,False,False,False,True,False,False
18,1028411,54,2,3,False,False,False,False,False,False,False,False,False,False
59,608213,51,4,4,True,False,False,True,False,False,False,False,True,False
35,900399,10,2,3,False,False,False,False,False,True,False,False,False,False
57,220923,12,3,4,False,True,False,False,False,False,False,False,True,False
50,1047405,4,3,2,False,False,True,False,False,False,False,False,False,True
29,394795,95,1,3,False,False,True,False,False,False,False,False,False,True
25,1028854,18,1,1,True,False,False,False,False,True,False,False,True,False
41,433462,80,2,2,False,False,False,False,False,True,False,True,False,False
33,251413,36,2,1,False,False,False,False,False,False,False,False,False,False
21,1088916,25,3,2,True,False,True,False,False,False,False,False,False,False
55,753044,87,4,3,True,True,False,False,False,False,False,False,False,True
61,610226,76,2,4,False,False,False,True,False,False,False,False,True,False
44,1375615,98,1,2,False,True,False,False,False,False,False,False,False,False
26,380074,36,3,4,False,False,False,False,True,False,False,False,False,False
64,856735,67,1,2,False,False,False,False,True,False,False,True,False,False
33,1008524,9,3,1,False,False,False,False,False,True,True,False,False,False
29,331562,61,2,1,False,False,False,False,False,False,False,False,False,True
48,1252305,53,2,2,True,False,False,False,True,False,False,False,False,True
41,842510,18,1,4,False,False,True,False,False,False,True,False,False,False
31,808148,43,2,3,False,True,False,False,False,False,False,False,False,False
62,458360,35,2,3,True,True,False,False,False,False,False,True,False,False
42,559014,63,2,1,True,False,False,False,False,True,False,True,False,False
51,1269974,98,1,3,True,False,False,True,False,False,False,False,False,True
20,496794,78,3,1,True,False,False,False,False,True,False,True,False,False
41,828177,4,3,3,False,False,False,True,False,False,True,False,False,False
59,560306,93,1,2,False,False,False,False,False,True,False,False,False,False
26,1474535,41,1,1,False,False,False,False,False,True,True,False,False,False
43,827122,45,1,1,False,False,False,False,False,True,False,False,True,False
37,718490,50,2,2,False,False,False,True,False,False,False,False,False,True
57,753608,79,2,1,False,False,False,True,False,False,False,True,False,False
27,663092,28,2,3,True,False,False,False,False,True,False,False,True,False
36,234924,42,1,3,False,False,False,False,True,False,False,True,False,False
20,1461368,80,2,1,True,False,False,False,False,False,False,False,False,False
41,895385,76,2,3,True,False,False,False,False,False,False,False,False,False
22,1250735,69,2,4,False,False,False,False,False,False,False,False,False,False
20,773228,98,4,1,True,False,False,True,False,False,False,True,False,False
44,670192,1,1,2,False,False,False,True,False,False,False,False,True,False
33,640420,39,2,4,True,False,False,False,True,False,False,False,False,False
32,862132,96,2,1,False,False,False,False,False,False,False,False,True,False
52,965328,90,2,2,True,False,False,False,False,False,False,True,False,False
29,929115,17,3,3,False,False,False,False,False,True,False,False,True,False
58,354536,91,2,2,False,False,False,True,False,False,False,True,False,False
61,775425,88,4,4,False,False,False,False,False,False,False,True,False,False
43,623448,35,1,3,False,True,False,False,False,False,False,False,False,True
64,1047929,46,1,1,False,False,False,False,True,False,False,True,False,False
51,701233,42,3,3,True,True,False,False,False,False,False,True,False,False
40,824773,39,2,1,True,True,False,False,False,False,True,False,False,False
48,1489546,90,1,1,True,False,False,False,True,False,False,False,False,False
37,1202021,49,1,2,False,True,False,False,False,False,False,False,False,True
29,200901,62,1,2,True,False,False,False,False,False,False,False,False,True
40,287980,38,3,2,False,False,False,True,False,False,False,False,False,True
21,989313,23,1,4,False,False,False,False,True,False,True,False,False,False
40,492007,22,2,4,True,False,False,False,False,True,False,True,False,False
18,966722,4,1,2,True,True,False,False,False,False,False,False,False,False
42,598838,49,2,4,False,False,False,False,True,False,False,False,True,False
19,715956,59,1,3,True,False,True,False,False,False,False,True,False,False
47,687063,73,2,3,False,False,True,False,False,False,True,False,False,False
20,926546,68,1,4,False,False,False,True,False,False,False,True,False,False
38,1031633,71,3,4,False,False,False,False,False,False,False,True,False,False
42,451839,87,1,3,False,False,False,True,False,False,True,False,False,False
37,1225264,2,2,1,False,False,False,True,False,False,False,False,False,True
39,796860,49,3,3,True,False,False,True,False,False,False,False,False,True
38,1036642,88,2,3,True,False,False,True,False,False,False,False,False,False
50,587773,95,2,4,False,False,False,False,False,True,False,False,False,False
55,222499,31,2,3,False,False,False,False,False,True,False,False,False,True
32,826840,40,2,4,True,False,False,False,True,False,False,False,True,False
63,644844,48,2,4,True,False,True,False,False,False,False,True,False,False
32,686525,51,4,2,False,False,False,True,False,False,False,False,True,False
63,1071905,43,2,3,True,False,False,False,True,False,False,True,False,False
42,343704,98,2,1,False,False,True,False,False,False,False,False,False,True
38,885967,55,3,2,True,True,False,False,False,False,False,False,False,False
41,1340449,88,2,4,False,False,False,False,False,False,False,False,False,False
22,265756,49,1,4,True,False,False,False,False,True,False,False,True,False
23,640210,90,2,1,False,True,False,False,False,False,False,False,False,False
60,1443030,80,4,4,True,False,True,False,False,False,False,False,False,True
61,1370473,57,1,3,True,True,False,False,False,False,False,False,True,False
64,720082,77,2,2,False,False,False,False,False,False,False,True,False,False
40,499488,15,1,4,True,False,True,False,False,False,False,False,False,False
21,1243361,27,2,4,False,True,False,False,False,False,True,False,False,False
44,283791,68,1,1,True,False,False,False,False,True,False,False,False,False
35,903335,80,2,3,False,False,False,False,False,True,False,True,False,False
38,1381110,64,3,4,True,False,False,False,True,False,False,False,True,False
45,1330017,94,2,1,False,True,False,False,False,False,False,True,False,False
52,1486188,30,2,4,True,False,False,True,False,False,True,False,False,False
39,633797,36,3,1,False,True,False,False,False,False,False,False,False,True
57,1480020,67,4,1,True,False,True,False,False,False,False,False,False,False
40,1188793,86,1,3,False,False,True,False,False,False,False,False,True,False
20,1000607,86,2,4,False,True,False,False,False,False,False,False,False,True
57,337263,49,1,3,False,False,False,False,False,False,False,True,False,False
27,545578,76,4,1,True,False,False,False,False,True,False,False,True,False
42,1102153,55,4,2,False,False,True,False,False,False,False,False,False,True
25,247645,85,2,4,True,False,False,False,False,True,False,False,True,False
28,439608,56,3,2,False,False,True,False,False,False,True,False,False,False
22,747571,68,2,4,True,False,False,False,True,False,True,False,False,False
62,549115,95,2,3,False,False,False,True,False,False,False,False,False,False
54,302780,44,1,3,True,False,True,False,False,False,False,False,False,False
62,1017166,31,3,3,True,False,False,False,False,True,True,False,False,False
55,1249091,58,1,3,False,False,False,False,True,False,False,False,True,False
46,1053159,87,3,3,True,False,True,False,False,False,True,False,False,False
22,1095596,53,3,2,True,False,False,False,False,False,False,False,False,False
26,533977,84,3,3,False,False,False,True,False,False,True,False,False,False
19,783043,79,1,1,True,False,True,False,False,False,True,False,False,False
18,708175,23,2,1,True,False,False,False,True,False,False,False,True,False
57,1322446,28,1,2,True,False,False,False,False,False,False,False,False,True
47,1385656,16,2,4,False,True,False,False,False,False,False,False,False,False
28,296502,37,1,1,True,False,False,False,True,False,False,False,True,False
45,790611,21,4,4,False,False,False,False,True,False,True,False,False,False
61,632206,79,2,2,True,False,False,False,False,False,True,False,False,False
29,937902,17,2,4,True,False,False,False,True,False,False,False,False,True
56,891804,37,2,4,True,False,False,False,False,False,False,False,False,False
43,628556,77,2,4,False,False,True,False,False,False,False,False,False,False
30,535468,19,2,4,True,False,False,False,False,False,False,True,False,False
25,680350,30,2,2,True,False,False,False,False,False,False,False,False,False
45,696232,45,4,1,False,False,False,True,False,False,False,False,False,True
47,731821,18,2,3,True,False,False,False,False,False,False,True,False,False
26,1075817,78,4,4,False,False,False,False,False,False,False,True,False,False
56,1166540,62,3,1,False,True,False,False,False,False,True,False,False,False
48,450231,36,1,1,True,False,True,False,False,False,True,False,False,False
38,1261516,100,4,2,False,False,False,True,False,False,False,False,False,False
64,580171,84,1,1,True,True,False,False,False,False,False,True,False,False
51,741220,52,3,2,False,False,False,False,False,True,True,False,False,False
48,1474953,19,2,4,False,False,True,False,False,False,False,False,False,True
42,650043,44,3,4,True,False,True,False,False,False,True,False,False,False
29,1178935,7,3,3,False,False,False,False,False,True,True,False,False,False
18,1273224,44,3,3,False,False,False,False,False,False,False,True,False,False
39,1230451,68,3,3,False,True,False,False,False,False,False,True,False,False
57,232966,34,2,1,False,False,False,False,True,False,False,False,True,False
54,620993,66,1,4,False,False,False,True,False,False,False,False,False,True
64,363639,69,2,2,True,False,False,False,True,False,False,True,False,False
18,446331,55,1,3,False,False,False,False,False,True,False,False,False,False
18,1134678,10,2,2,True,False,True,False,False,False,False,False,False,True
59,1291174,96,2,2,False,False,True,False,False,False,False,False,False,True
59,390271,42,4,3,True,False,False,True,False,False,False,True,False,False
38,607014,41,2,4,True,False,True,False,False,False,False,False,False,True
32,1182868,77,3,3,False,False,True,False,False,False,False,True,False,False
34,1047516,69,1,2,False,False,False,True,False,False,True,False,False,False
39,899597,10,3,3,False,True,False,False,False,False,False,False,True,False
55,855538,10,4,2,True,True,False,False,False,False,True,False,False,False
52,448004,91,2,2,False,False,False,True,False,False,False,True,False,False
62,1203510,60,2,3,True,False,False,False,False,True,False,True,False,False
33,217118,51,3,1,True,False,True,False,False,False,True,False,False,False
25,1271192,21,1,3,True,False,True,False,False,False,False,False,False,False
64,331870,8,2,1,False,False,False,False,False,True,False,False,False,False
34,202795,65,2,2,False,True,False,False,False,False,False,False,False,False
34,1346038,92,1,2,True,False,False,False,False,False,False,True,False,False
43,987163,78,2,1,True,False,False,False,False,False,False,False,False,True
30,1380777,85,1,2,False,False,False,False,False,False,False,True,False,False
34,359094,30,1,1,True,True,False,False,False,False,False,False,False,True
55,463749,85,1,1,False,True,False,False,False,False,True,False,False,False
34,1326082,49,4,2,True,False,False,False,False,True,False,False,True,False
31,964601,9,2,4,False,False,True,False,False,False,False,False,False,True
62,1292706,17,4,1,True,False,False,False,False,True,False,False,False,False
23,1146769,69,2,3,False,False,False,False,False,True,False,True,False,False
52,363402,58,2,3,True,True,False,False,False,False,True,False,False,False
63,1054901,57,2,2,False,False,False,False,False,False,False,False,False,False
31,1394835,62,2,4,False,False,False,False,True,False,True,False,False,False
64,619007,95,1,2,True,False,True,False,False,False,False,False,True,False
25,1450258,52,2,4,True,True,False,False,False,False,False,True,False,False
32,423034,61,1,1,False,False,False,False,False,False,False,True,False,False
44,709394,40,2,1,True,False,False,False,True,False,False,False,True,False
30,744061,38,2,1,False,False,False,False,True,False,False,True,False,False
48,990671,43,1,1,True,True,False,False,False,False,False,False,False,True
52,483007,63,1,3,False,False,False,True,False,False,True,False,False,False
23,513559,19,3,3,False,False,True,False,False,False,False,False,False,False
22,268968,100,2,2,False,False,False,False,True,False,False,False,True,False
39,693891,50,1,4,False,True,False,False,False,False,False,False,False,True
40,784718,33,4,1,False,True,False,False,False,False,False,False,False,False
42,1498648,13,1,1,False,False,False,False,False,False,False,False,False,False
51,201515,78,2,4,True,False,False,True,False,False,False,False,True,False
43,297206,97,4,4,True,False,True,False,False,False,False,False,False,True
64,445282,62,1,2,True,False,False,False,False,True,False,False,False,False
22,607821,93,1,4,False,False,False,False,False,False,False,False,False,False
43,1042672,43,1,1,False,False,False,False,True,False,False,False,False,True
37,205586,49,2,1,False,False,False,False,True,False,False,True,False,False
23,1218725,36,1,1,False,False,False,False,False,False,False,False,False,False
23,1108806,10,2,1,True,True,False,False,False,False,True,False,False,False
35,969565,95,1,1,True,False,False,False,True,False,False,False,False,True
21,744999,6,2,2,False,False,False,True,False,False,False,False,False,False
34,220039,57,4,1,True,False,True,False,False,False,False,False,True,False
31,406555,1,3,2,True,False,False,True,False,False,True,False,False,False
31,1198899,71,2,1,False,False,False,False,True,False,False,False,False,False
30,1468306,58,2,3,True,False,False,False,False,True,True,False,False,False
24,201577,91,2,3,False,False,True,False,False,False,True,False,False,False
61,307792,21,2,3,True,False,True,False,False,False,False,True,False,False
32,1145854,92,2,3,False,False,False,False,False,False,True,False,False,False
36,1487116,80,1,2,False,False,False,False,False,False,False,True,False,False
60,1151302,56,3,2,False,False,False,False,False,True,False,False,False,True
64,1477082,87,2,4,False,True,False,False,False,False,False,True,False,False
61,210785,20,1,1,True,False,True,False,False,False,False,False,True,False
52,1320803,54,2,3,False,False,False,False,False,True,False,False,False,False
34,1105112,25,2,2,False,False,False,False,False,False,False,False,False,True
52,1048389,28,3,1,False,False,False,False,False,False,False,False,False,True
36,1058326,5,3,1,True,False,True,False,False,False,False,False,True,False
37,1496517,21,3,2,False,False,False,True,False,False,False,True,False,False
53,350653,18,1,3,True,False,False,False,True,False,False,False,False,False
52,517336,47,2,4,False,False,False,False,False,False,False,True,False,False
49,463606,70,2,1,True,True,False,False,False,False,True,False,False,False
61,590992,57,1,4,True,True,False,False,False,False,False,True,False,False
57,1133015,93,1,3,False,False,False,False,False,False,False,False,False,True
41,424737,19,3,3,True,False,False,True,False,False,False,False,False,False
34,1094235,97,1,4,False,False,False,True,False,False,False,True,False,False
24,843970,65,2,3,False,False,False,False,False,True,False,False,False,False
60,586213,3,1,1,False,True,False,False,False,False,False,False,False,False
18,1303036,42,1,4,True,False,False,False,False,True,True,False,False,False
52,599437,21,1,3,True,True,False,False,False,False,True,False,False,False
49,616690,99,4,4,False,False,False,False,True,False,False,False,False,True
53,1223577,40,3,1,False,False,False,False,True,False,False,False,True,False
30,1363951,67,4,3,True,False,True,False,False,False,False,False,False,False
23,1099092,25,2,1,False,False,False,False,False,True,False,False,True,False
31,352117,55,1,3,False,False,False,False,False,False,False,False,False,True
54,1077751,84,2,2,False,False,False,False,False,True,False,False,False,False
32,1365158,52,2,3,True,False,False,False,False,False,False,False,False,False
64,1122426,44,3,4,True,False,False,True,False,False,False,False,True,False
21,878066,98,1,3,True,False,False,False,False,True,False,True,False,False
57,252949,85,2,1,False,False,False,True,False,False,True,False,False,False
33,663930,56,1,1,False,False,False,False,True,False,False,True,False,False
45,295558,55,2,3,False,False,False,False,True,False,False,False,True,False
33,1209260,87,3,4,True,False,True,False,False,False,True,False,False,False
21,989148,70,2,2,False,False,False,False,False,True,False,True,False,False
62,1396222,77,2,4,False,False,False,True,False,False,True,False,False,False
43,917186,87,2,2,False,False,False,False,False,False,False,False,False,False
45,271916,73,2,1,False,False,False,False,True,False,False,True,False,False
49,972378,81,3,4,True,False,False,False,True,False,True,False,False,False
62,1323270,66,3,2,True,False,False,False,False,False,True,False,False,False
19,613867,19,4,3,False,False,False,True,False,False,True,False,False,False
48,1055126,83,3,1,True,False,False,True,False,False,False,True,False,False
20,1229242,7,2,3,True,False,False,False,False,True,False,False,False,True
25,270474,63,2,1,False,False,False,False,False,True,False,True,False,False
41,550068,42,2,4,False,True,False,False,False,False,False,False,True,False
32,1191921,42,1,4,True,True,False,False,False,False,False,True,False,False
60,926499,59,3,1,False,False,True,False,False,False,True,False,False,False
48,1021412,20,1,1,True,False,False,False,True,False,False,False,False,False
26,1303546,73,4,1,False,False,False,False,False,True,False,True,False,False
56,841232,17,2,4,True,False,False,True,False,False,False,True,False,False
62,604911,27,2,2,False,False,False,False,False,False,True,False,False,False
19,611012,47,2,3,True,False,False,True,False,False,False,False,False,False
25,1422191,2,3,3,True,False,False,False,True,False,False,False,False,False
24,1369070,63,2,4,True,True,False,False,False,False,False,False,True,False
61,371277,62,2,3,False,False,False,True,False,False,False,True,False,False
56,691966,100,1,1,True,False,True,False,False,False,False,False,False,False
59,496303,19,2,2,True,False,False,False,True,False,False,False,False,False
33,1260092,17,1,3,False,True,False,False,False,False,False,False,False,True
52,1015518,69,3,2,False,False,False,False,False,False,False,False,False,True
47,383163,39,2,1,True,True,False,False,False,False,False,False,False,False
27,1376599,82,2,3,True,False,True,False,False,False,False,False,True,False
55,572339,71,1,4,False,False,False,False,True,False,False,False,False,False
35,1427414,81,1,2,False,False,False,False,False,False,True,False,False,False
22,1025169,39,3,1,False,False,True,False,False,False,False,True,False,False
46,471409,36,1,2,False,True,False,False,False,False,False,False,True,False
56,838453,40,1,3,False,False,True,False,False,False,True,False,False,False
51,843789,45,1,3,True,False,False,False,True,False,False,False,True,False
60,694670,4,4,4,False,False,False,False,False,True,True,False,False,False
62,1001818,25,3,1,True,False,True,False,False,False,False,True,False,False
40,1023857,69,2,1,True,False,True,False,False,False,False,True,False,False
22,321635,30,1,4,True,True,False,False,False,False,False,False,False,True
47,898614,76,2,4,False,True,False,False,False,False,True,False,False,False
23,420935,68,3,1,True,False,False,False,False,False,False,False,False,True
63,1302210,88,2,2,True,True,False,False,False,False,True,False,False,False
61,1204221,29,1,2,False,False,False,True,False,False,False,False,False,True
21,903022,73,1,4,True,False,False,False,True,False,False,True,False,False
46,1073420,68,1,2,True,False,False,False,True,False,False,False,True,False
40,692503,51,2,1,False,False,False,False,False,True,False,False,False,True
23,418599,24,3,3,True,False,False,False,False,True,True,False,False,False
49,437919,14,1,3,True,False,False,False,True,False,True,False,False,False
59,668668,69,1,2,True,False,False,False,False,True,False,True,False,False
35,603359,18,1,4,False,False,False,False,False,False,True,False,False,False
32,1028416,42,4,4,False,True,False,False,False,False,False,False,False,False
57,241505,57,1,4,False,False,False,False,True,False,False,False,True,False
49,1351054,83,3,4,True,False,False,False,False,True,False,False,False,True
26,1311275,12,2,4,True,False,False,False,True,False,False,False,True,False
54,1144461,82,2,2,False,False,False,True,False,False,False,True,False,False
27,1100444,17,1,3,True,False,True,False,False,False,False,False,False,True
37,354721,30,1,3,True,True,False,False,False,False,False,False,False,True
23,1210165,88,2,2,False,False,False,False,True,False,False,False,False,False
20,1021190,75,3,4,False,False,True,False,False,False,False,True,False,False
59,336668,99,2,2,True,False,False,False,False,True,True,False,False,False
28,478518,23,2,3,True,False,True,False,False,False,False,False,False,False
60,842974,81,1,1,True,True,False,False,False,False,False,False,False,False
34,1007461,1,4,2,False,False,False,False,True,False,False,False,True,False
49,808269,79,3,4,False,False,False,True,False,False,False,False,True,False
21,1362586,32,1,3,False,False,False,False,False,True,False,False,True,False
21,723472,9,4,3,False,False,False,False,True,False,False,False,False,False
34,606884,15,2,3,True,True,False,False,False,False,True,False,False,False
58,459021,28,2,3,False,False,False,False,False,True,False,False,False,True
36,347032,24,3,4,False,False,False,False,False,False,False,False,True,False
22,850807,60,3,1,False,False,True,False,False,False,True,False,False,False
49,1391005,35,2,3,False,True,False,False,False,False,False,True,False,False
39,657820,86,1,2,False,False,False,False,False,False,False,False,True,False
23,1089171,27,2,1,True,False,False,False,True,False,False,False,False,True
52,477948,83,4,3,True,False,False,True,False,False,False,True,False,False
39,1233237,76,1,1,False,False,False,False,False,True,False,True,False,False
18,359204,20,2,2,True,False,True,False,False,False,False,False,False,True
37,1123953,65,2,3,False,False,False,False,False,True,False,False,True,False
39,1087935,85,2,2,False,False,False,False,True,False,False,False,False,False
28,305072,49,2,4,True,False,False,False,False,True,False,False,False,True
30,864490,1,4,3,True,False,True,False,False,False,False,False,False,True
59,289360,10,1,3,False,False,False,False,True,False,False,False,False,True
20,262287,47,1,3,False,False,False,False,False,True,False,True,False,False
26,1486585,59,1,3,False,False,False,True,False,False,True,False,False,False
29,907062,96,3,4,True,True,False,False,False,False,False,False,False,False
40,892353,62,2,3,False,False,False,False,True,False,False,False,True,False
31,887235,86,1,1,False,True,False,False,False,False,False,False,True,False
50,970644,18,3,3,False,False,False,False,True,False,True,False,False,False
35,861414,46,3,4,True,False,False,True,False,False,False,False,False,True
58,430881,32,3,3,False,True,False,False,False,False,False,False,False,False
26,1355933,27,4,1,False,False,False,False,False,False,False,False,True,False
40,407440,92,1,4,True,False,True,False,False,False,False,False,True,False
27,753958,18,3,4,False,False,False,False,False,False,False,False,False,True
36,1074820,39,2,1,False,False,False,False,False,True,True,False,False,False
64,1407955,49,3,1,True,False,False,True,False,False,False,False,False,False
22,968447,93,3,1,False,False,False,False,False,False,True,False,False,False
64,1446735,82,3,1,True,False,False,False,True,False,True,False,False,False
40,394152,44,2,1,True,False,False,False,False,True,False,False,False,False
47,803623,72,1,4,False,False,False,False,False,True,False,False,False,False
42,1012744,54,2,4,False,False,False,False,False,False,False,False,True,False
45,1222660,95,4,3,False,False,False,False,False,False,False,False,True,False
51,1315561,34,4,3,False,False,False,True,False,False,False,False,False,False
62,1175112,71,1,2,True,False,True,False,False,False,False,True,False,False
64,683178,36,1,3,False,False,False,False,False,False,False,False,True,False
42,1419925,18,1,3,True,False,False,False,False,False,False,True,False,False
27,755839,38,3,1,False,True,False,False,False,False,False,False,False,False
31,814101,59,3,1,False,False,False,False,True,False,False,False,True,False
59,649813,9,1,3,False,True,False,False,False,False,True,False,False,False
63,1258213,73,2,2,True,True,False,False,False,False,False,False,False,False
47,1153197,72,3,1,False,False,False,False,False,True,False,False,False,True
58,1127328,51,3,3,False,False,True,False,False,False,False,True,False,False
42,751238,35,2,3,False,False,False,False,True,False,False,False,False,False
31,616704,82,2,4,False,False,False,True,False,False,False,False,False,False
52,200215,5,2,2,True,False,False,True,False,False,False,False,True,False
51,567747,14,1,4,False,False,False,False,False,False,False,False,True,False
27,997955,92,2,2,True,False,False,False,False,False,False,False,True,False
52,1055121,30,2,1,True,False,False,True,False,False,False,False,False,True
28,1272410,4,3,2,True,False,False,False,False,False,False,False,True,False
28,1217375,39,2,3,True,False,True,False,False,False,False,False,False,False
38,472544,84,3,3,True,True,False,False,False,False,False,False,True,False
38,734633,64,1,2,True,False,False,False,False,False,True,False,False,False
39,1282472,25,2,2,False,False,False,False,False,True,False,False,True,False
62,1014661,28,1,2,True,False,False,False,False,False,False,False,False,True
24,710269,76,1,4,True,False,False,False,True,False,True,False,False,False
34,1122401,66,3,2,True,False,True,False,False,False,False,False,False,False
19,713622,78,4,1,False,False,False,False,True,False,False,False,False,False
29,1320113,22,1,4,False,False,False,False,True,False,False,True,False,False
59,597783,31,2,4,True,False,False,False,False,True,True,False,False,False
35,853936,23,3,2,False,False,True,False,False,False,False,True,False,False
28,1099084,48,1,1,True,False,True,False,False,False,True,False,False,False
33,670455,20,2,4,True,False,True,False,False,False,True,False,False,False
35,868689,38,3,3,False,False,True,False,False,False,False,False,False,True
52,432117,55,2,4,True,False,True,False,False,False,False,True,False,False
43,1461862,68,1,2,False,False,False,False,False,True,False,False,False,True
33,761340,79,2,1,False,False,False,False,False,False,True,False,False,False
23,650985,88,3,2,True,False,False,False,True,False,False,False,False,False
61,246032,89,2,3,True,False,True,False,False,False,True,False,False,False
60,704910,1,1,3,False,False,False,False,False,False,False,False,False,True
64,1206225,7,3,3,True,False,False,False,False,False,False,True,False,False
64,1063413,57,1,2,True,False,False,False,True,False,False,True,False,False
59,823090,95,3,4,True,False,False,False,False,True,False,False,False,True
29,1120313,12,1,2,False,False,False,True,False,False,False,True,False,False
30,1482913,5,4,1,False,False,False,True,False,False,False,False,True,False
21,1421433,50,2,4,True,False,False,False,False,False,False,False,False,False
56,629763,42,2,3,False,True,False,False,False,False,False,False,False,False
19,504962,12,1,2,False,True,False,False,False,False,False,False,False,False
43,541609,18,2,3,False,False,False,False,True,False,False,True,False,False
44,950887,66,3,3,False,False,False,True,False,False,False,True,False,False
44,837509,74,4,1,False,False,False,False,False,False,True,False,False,False
32,499477,79,2,4,True,False,False,False,False,True,True,False,False,False
25,1375033,94,2,1,True,False,False,True,False,False,False,False,False,False
24,1368451,17,3,1,True,False,False,False,False,False,False,False,True,False
64,1080432,68,3,1,False,False,False,False,False,False,True,False,False,False
63,666995,71,2,3,False,False,True,False,False,False,True,False,False,False
57,755889,62,2,1,True,False,False,False,False,True,False,True,False,False
29,1054378,41,2,1,False,False,True,False,False,False,False,False,True,False
30,828474,95,2,4,True,False,False,False,True,False,False,False,False,False
60,1049326,34,1,4,True,False,True,False,False,False,True,False,False,False
34,889995,70,2,1,True,False,True,False,False,False,False,False,True,False
34,1477623,45,2,4,False,False,False,True,False,False,False,False,True,False
53,292850,58,3,4,False,True,False,False,False,False,False,False,False,False
38,1096197,51,1,1,True,False,False,False,False,False,False,False,True,False
25,1442522,34,2,3,True,False,False,False,False,True,False,False,True,False
22,670949,44,2,1,True,False,True,False,False,False,False,False,True,False
43,1015943,15,2,4,True,False,False,False,False,True,True,False,False,False
33,1067392,78,1,3,False,True,False,False,False,False,False,False,False,False
53,1166325,70,2,2,False,True,False,False,False,False,False,False,True,False
45,1497776,50,2,3,True,False,True,False,False,False,False,False,True,False
46,925527,32,2,4,True,False,False,False,True,False,True,False,False,False
64,683410,67,2,3,False,False,True,False,False,False,False,False,False,False
29,1453179,3,2,1,False,False,False,True,False,False,False,True,False,False
54,934172,86,3,2,True,False,False,False,False,False,True,False,False,False
47,309779,86,1,2,True,False,False,False,True,False,False,False,False,False
40,1267133,74,3,2,True,False,True,False,False,False,False,False,True,False
33,1407708,51,2,4,False,False,False,False,False,True,False,False,False,False
31,652082,67,1,4,False,False,False,False,True,False,False,False,False,False
27,534248,76,1,2,False,False,False,False,True,False,False,False,False,False
24,861440,93,2,3,True,False,True,False,False,False,False,True,False,False
62,1393502,48,3,2,True,False,False,False,True,False,False,False,False,False
54,923055,17,3,3,False,False,False,False,False,True,False,True,False,False
46,1432630,7,3,3,False,True,False,False,False,False,False,False,True,False
20,765369,13,2,4,True,False,False,False,True,False,False,True,False,False
32,1121872,66,2,3,False,True,False,False,False,False,False,False,True,False
53,954981,4,1,2,False,False,False,False,False,True,False,False,True,False
64,581325,10,2,4,True,False,True,False,False,False,False,True,False,False
63,1013526,88,2,1,False,False,False,False,False,False,True,False,False,False
36,1163544,17,1,1,True,False,False,False,True,False,False,False,False,True
30,528910,52,1,4,True,False,False,False,False,False,False,False,False,False
59,1403639,6,2,2,True,False,False,False,False,True,False,False,False,True
38,883970,83,3,1,True,False,False,False,True,False,False,False,False,False
54,805751,69,4,1,True,True,False,False,False,False,False,False,False,False
44,673656,96,4,3,True,False,False,True,False,False,False,False,True,False
46,1158379,74,2,3,True,False,False,False,False,False,False,False,False,False
37,1274657,9,2,2,False,False,False,False,True,False,False,False,False,False
42,1272930,91,2,4,True,False,False,False,False,False,False,True,False,False
23,817585,77,3,2,True,False,False,False,True,False,False,False,False,True
53,1004732,83,1,4,False,False,True,False,False,False,False,True,False,False
19,1312960,21,2,1,False,True,False,False,False,False,False,False,False,False
39,1047324,24,3,3,False,False,False,False,False,False,False,False,True,False
49,235525,4,2,2,True,False,False,True,False,False,False,True,False,False
33,1144036,24,2,2,False,False,False,True,False,False,False,True,False,False
35,206464,59,2,4,True,False,False,False,False,True,True,False,False,False
22,575572,99,1,4,True,False,False,False,True,False,False,False,False,False
53,1361140,3,2,2,True,False,False,False,False,False,False,False,True,False
47,756922,68,2,4,True,False,False,False,False,True,False,True,False,False
62,394215,40,1,2,False,False,False,False,False,False,False,True,False,False
36,465039,48,1,2,False,False,False,False,True,False,False,False,True,False
40,1167241,54,3,2,True,False,False,True,False,False,False,False,False,False
51,304127,35,1,1,True,False,True,False,False,False,True,False,False,False
30,296426,95,2,4,True,False,False,True,False,False,False,True,False,False
60,1149520,56,1,3,False,False,False,False,False,True,True,False,False,False
46,1440952,89,4,3,True,True,False,False,False,False,False,False,False,True
53,1260538,40,1,4,True,False,True,False,False,False,False,False,False,False
39,233302,77,2,2,False,False,False,False,False,True,False,False,False,True
64,204011,68,3,3,False,False,False,False,True,False,False,False,False,True
53,219782,46,3,3,True,False,True,False,False,False,False,False,False,True
26,1447339,78,1,4,False,False,False,False,False,True,False,False,False,False
56,632941,13,3,3,False,False,False,False,True,False,False,False,False,False
36,1292035,27,2,2,True,False,False,True,False,False,False,False,True,False
55,811533,6,2,4,False,True,False,False,False,False,True,False,False,False
23,722829,17,1,2,True,False,False,False,True,False,True,False,False,False
64,803151,36,1,3,False,False,False,False,False,False,False,False,True,False
32,1109638,99,3,3,True,False,False,False,True,False,False,False,True,False
37,1281345,81,2,2,True,False,False,False,True,False,False,False,False,True
26,569673,2,2,1,True,True,False,False,False,False,False,False,True,False
49,1273276,77,3,3,False,False,False,False,False,False,False,True,False,False
21,1193931,52,3,1,True,False,False,False,False,True,True,False,False,False
35,431237,66,1,3,False,False,False,False,False,True,False,False,True,False
22,1108063,52,2,1,True,False,False,False,True,False,False,True,False,False
37,506024,92,1,1,True,False,False,False,False,False,False,True,False,False
40,314003,43,3,1,False,False,False,False,False,False,False,True,False,False
28,1387968,90,2,2,True,True,False,False,False,False,False,True,False,False
54,249589,22,4,1,True,False,False,True,False,False,False,False,False,True
39,450606,55,1,1,False,False,False,False,False,True,False,True,False,False
21,931636,67,1,1,True,True,False,False,False,False,False,False,False,True
46,760185,99,1,3,True,False,True,False,False,False,False,False,False,True
61,389637,60,1,1,True,False,False,False,False,True,False,True,False,False
51,886290,58,1,3,True,True,False,False,False,False,True,False,False,False
30,1462469,12,4,1,False,False,False,False,False,True,False,True,False,False
59,1319510,88,1,1,False,False,False,True,False,False,False,True,False,False
26,780118,69,1,2,True,False,True,False,False,False,False,True,False,False
59,467673,84,3,3,False,False,False,True,False,False,True,False,False,False
48,556742,39,2,1,True,False,True,False,False,False,False,False,False,False
24,957582,13,3,3,False,False,False,False,True,False,False,False,False,False
21,282987,41,1,3,True,True,False,False,False,False,False,False,False,True
36,1386585,57,2,4,True,False,True,False,False,False,False,False,False,True
59,764174,53,1,2,True,False,False,True,False,False,True,False,False,False
47,749567,12,1,2,True,False,False,False,False,True,False,False,True,False
48,631322,13,4,2,True,False,True,False,False,False,False,False,False,False
52,310776,74,1,4,True,True,False,False,False,False,False,False,False,True
38,568444,97,2,4,False,False,True,False,False,False,False,False,False,False
48,1362369,57,2,2,True,False,False,False,False,False,True,False,False,False
36,410809,40,2,4,False,False,False,False,False,True,True,False,False,False
48,1420192,80,3,4,True,True,False,False,False,False,False,False,True,False
49,1490838,45,1,4,False,True,False,False,False,False,False,False,True,False
19,733285,35,2,2,False,False,False,False,True,False,True,False,False,False
27,1354678,3,4,2,False,False,False,True,False,False,False,False,False,True
19,1072143,5,2,2,True,False,False,False,True,False,False,False,False,False
19,765148,90,4,4,True,True,False,False,False,False,False,True,False,False
41,1176974,11,1,2,False,False,False,False,False,True,False,False,True,False
34,837506,71,2,4,True,False,True,False,False,False,False,True,False,False
49,722070,56,1,1,False,False,True,False,False,False,False,False,False,True
33,307041,10,3,4,True,False,False,False,False,True,False,False,True,False
33,574368,34,4,3,False,True,False,False,False,False,False,True,False,False
63,525800,67,1,2,False,False,True,False,False,False,False,False,False,True
56,916438,72,2,2,True,False,True,False,False,False,False,False,False,False
48,681862,31,1,3,False,False,True,False,False,False,False,False,False,True
60,1324866,75,2,4,True,False,False,True,False,False,False,False,True,False
41,1305209,71,2,1,False,False,False,True,False,False,True,False,False,False
18,1369694,66,4,3,False,False,False,False,False,False,False,False,False,False
28,898961,70,2,3,True,False,False,False,True,False,False,True,False,False
38,1251690,41,2,4,True,False,False,False,False,True,False,False,True,False
21,1012934,63,1,2,True,False,False,False,False,True,True,False,False,False
24,249768,32,1,4,False,False,False,False,False,True,False,False,False,True
43,1173069,20,1,3,True,False,False,False,False,False,True,False,False,False
64,283123,57,1,3,False,False,False,True,False,False,False,False,True,False
29,366405,98,3,2,False,True,False,False,False,False,False,False,True,False
48,203174,50,2,2,True,True,False,False,False,False,True,False,False,False
34,317769,80,2,2,True,False,False,False,False,False,False,False,False,True
50,497542,25,1,4,False,True,False,False,False,False,True,False,False,False
28,629145,12,3,2,False,False,False,False,False,True,False,False,True,False
45,1383969,71,3,3,True,False,False,False,True,False,False,False,True,False
49,966868,39,1,3,True,False,True,False,False,False,False,True,False,False
18,1435069,17,3,1,True,False,False,True,False,False,False,True,False,False
64,796923,45,2,4,True,False,False,True,False,False,False,False,False,False
45,1128864,11,1,1,True,False,False,False,False,False,False,False,True,False
59,967166,70,2,3,False,False,False,True,False,False,False,True,False,False
24,417070,23,2,1,False,False,False,False,False,True,True,False,False,False
19,599017,91,1,3,False,True,False,False,False,False,False,False,False,True
59,1131775,70,4,1,False,False,False,False,False,True,True,False,False,False
41,569359,38,3,2,True,False,False,False,False,False,False,False,False,True
21,1398632,2,2,1,True,False,False,False,False,True,False,True,False,False
61,1074527,86,2,2,True,True,False,False,False,False,False,False,False,False
36,1047374,84,2,2,False,False,False,False,True,False,True,False,False,False
43,343933,89,2,4,False,False,False,False,False,False,True,False,False,False
28,1347546,79,2,2,True,False,False,False,True,False,True,False,False,False
57,1330779,93,1,2,True,False,True,False,False,False,False,False,False,True
60,1440895,72,2,1,False,False,False,False,True,False,False,True,False,False
28,1448749,37,3,3,False,False,True,False,False,False,True,False,False,False
62,701946,49,2,4,True,False,True,False,False,False,True,False,False,False
20,876337,52,1,2,True,False,False,False,True,False,False,False,False,False
29,1466302,33,3,4,False,False,False,False,False,False,False,False,False,False
20,1074609,22,1,1,True,True,False,False,False,False,False,True,False,False
59,292172,5,1,2,True,False,False,False,False,True,False,True,False,False
44,870990,18,1,1,True,False,False,False,False,True,False,False,True,False
19,744344,38,2,4,False,True,False,False,False,False,False,False,False,False
33,1387030,37,3,1,False,False,True,False,False,False,False,False,True,False
19,1304315,94,2,4,False,False,True,False,False,False,False,False,False,True
47,248639,95,1,1,False,False,False,False,False,False,False,False,True,False
37,653054,64,3,4,False,False,False,True,False,False,True,False,False,False
55,639257,10,3,3,False,False,False,False,True,False,False,False,True,False
45,987424,79,3,1,False,False,True,False,False,False,False,True,False,False
42,796682,42,1,1,True,False,False,False,False,True,False,False,False,True
49,529801,48,2,3,True,False,False,False,False,False,True,False,False,False
27,1013592,44,4,3,True,False,False,False,True,False,False,False,True,False
59,382447,82,3,1,True,False,False,False,False,False,False,False,False,True
57,548586,87,1,3,True,False,False,False,True,False,False,False,False,True
50,874932,97,1,2,True,False,False,False,True,False,True,False,False,False
30,580069,16,2,4,True,True,False,False,False,False,False,False,True,False
58,204136,54,4,4,False,False,True,False,False,False,False,False,False,True
59,261868,35,2,4,False,False,False,False,False,False,False,False,False,True
64,544407,98,2,2,True,False,False,False,False,False,False,False,False,False
54,1018599,28,1,3,True,True,False,False,False,False,False,False,False,True
33,310957,2,2,3,False,False,False,False,False,True,False,False,False,False
62,739767,94,3,1,True,False,False,False,False,True,False,False,True,False
39,319392,13,2,3,True,False,True,False,False,False,False,False,True,False
37,860183,41,3,1,False,False,True,False,False,False,False,False,True,False
60,980516,80,4,2,True,False,False,True,False,False,False,True,False,False
44,1450104,59,1,4,False,True,False,False,False,False,False,False,True,False
58,1006017,69,2,4,True,False,False,False,False,True,False,False,False,True
33,1483423,92,1,4,False,False,False,False,True,False,True,False,False,False
51,1061501,53,3,3,False,False,False,False,False,False,False,False,False,False
49,465864,45,2,1,False,False,True,False,False,False,False,True,False,False
43,481411,20,2,1,True,False,False,False,False,False,False,False,True,False
42,1395344,24,3,2,False,False,False,False,False,False,False,False,True,False
19,885328,61,2,3,True,False,False,True,False,False,True,False,False,False
29,515508,91,4,2,True,False,False,False,False,True,True,False,False,False
57,616561,94,2,1,True,False,True,False,False,False,False,True,False,False
26,251567,58,1,1,True,False,False,False,False,False,False,False,False,False
29,291229,27,2,4,False,False,True,False,False,False,False,False,True,False
43,1179111,26,3,3,False,False,False,False,True,False,False,True,False,False
26,1447892,7,2,1,True,False,False,True,False,False,False,False,False,True
27,1064950,42,3,4,True,False,False,False,True,False,False,False,False,True
49,807132,47,4,3,False,False,True,False,False,False,False,True,False,False
51,1412567,53,1,2,True,False,True,False,False,False,False,False,True,False
37,839888,59,4,3,False,False,False,False,False,True,False,True,False,False
56,824913,38,1,3,True,False,False,False,False,False,False,False,True,False
19,1117999,69,1,1,True,False,False,False,False,False,True,False,False,False
18,1031187,87,1,1,False,False,False,False,True,False,False,True,False,False
53,1281900,92,3,3,True,False,False,True,False,False,False,False,True,False
41,1065361,98,2,1,False,True,False,False,False,False,False,True,False,False
44,594768,53,1,1,True,False,False,False,False,False,False,True,False,False
19,251272,15,2,1,True,False,False,False,False,True,False,False,True,False
48,629069,96,2,4,True,False,False,False,True,False,False,False,True,False
31,449264,26,1,4,False,False,False,False,True,False,False,False,False,False
19,888284,48,3,3,True,True,False,False,False,False,False,True,False,False
46,436538,95,3,1,True,False,False,False,False,True,False,False,False,True
32,778963,19,2,4,True,False,False,True,False,False,False,True,False,False
29,715447,9,4,3,True,False,False,False,False,True,False,True,False,False
54,1322167,64,2,1,False,False,False,True,False,False,False,False,True,False
45,353706,93,4,2,False,False,False,False,False,True,False,True,False,False
37,1443400,54,2,1,True,False,False,False,False,True,False,True,False,False
56,539148,51,2,1,False,False,True,False,False,False,False,False,False,True
41,1173902,39,1,4,True,False,False,False,True,False,False,False,True,False
38,953818,4,3,3,True,False,False,False,False,True,False,True,False,False
27,1027150,3,2,3,True,True,False,False,False,False,True,False,False,False
63,1362203,64,1,4,False,False,False,False,False,True,False,False,False,False
31,489014,29,1,1,False,False,False,False,False,False,False,False,False,True
54,1285970,11,2,2,False,False,False,False,True,False,False,True,False,False
35,1038489,97,2,1,False,False,False,False,False,False,True,False,False,False
41,1328371,58,3,1,False,False,False,False,True,False,False,True,False,False
31,542553,75,3,2,False,False,False,False,False,False,False,True,False,False
51,242137,27,1,4,False,False,False,False,False,True,False,False,True,False
29,338925,97,3,3,False,False,False,False,False,True,False,False,True,False
39,736667,21,1,4,False,False,True,False,False,False,False,False,True,False
23,1133296,39,3,4,True,True,False,False,False,False,True,False,False,False
53,321169,95,3,1,False,False,False,False,False,False,False,True,False,False
62,1418015,46,2,3,False,False,False,True,False,False,False,False,False,False
53,1397748,66,3,3,False,False,True,False,False,False,False,False,False,True
39,575233,91,2,4,False,False,False,False,False,False,False,False,True,False
31,1180960,36,2,2,False,False,False,False,False,False,False,False,True,False
33,663120,75,3,4,False,False,True,False,False,False,False,True,False,False
53,1034123,82,2,2,False,False,False,False,False,True,False,True,False,False
42,1416688,65,2,3,False,False,False,False,False,False,True,False,False,False
49,973815,63,2,4,False,False,False,False,False,True,True,False,False,False
50,424062,99,3,1,False,False,True,False,False,False,False,False,True,False
62,257986,35,2,4,False,False,False,False,False,True,False,True,False,False
53,631978,31,1,3,True,False,False,False,True,False,False,False,False,False
37,1353891,28,3,1,True,False,False,True,False,False,False,False,False,True
35,519348,1,3,1,False,False,False,False,False,False,False,True,False,False
55,902214,25,1,2,False,True,False,False,False,False,False,True,False,False
20,895139,43,1,1,True,False,False,True,False,False,True,False,False,False
